Workbook

Sheet Assumptions
A1: MÔ HÌNH KINH TẾ GAME — BẢNG ĐIỀU KHIỂN TRUNG TÂM
A2: Chỉ chỉnh các ô MÀU XANH (có nền vàng). Mọi sheet khác tự cập nhật theo.
A4: NHÓM 1 — NỀN TẢNG NỖ LỰC
A5: Giá trị EXP cho 1 nhiệm vụ trung bình (1 EU) | C5: 10 | D5: EXP | E5: Neo gốc của cả hệ thống
A6: Số nhiệm vụ trung bình con làm / ngày | C6: 5 | D6: việc | E6: Linh hoạt — đây chỉ là ước lượng để mô phỏng
A7: Số ngày chiến dịch (mùa hè) | C7: 75 | D7: ngày | E7: Để vẽ đường cong & kiểm tra tiến độ
A9: NHÓM 2 — ĐƯỜNG CONG CẤP ĐỘ
A10: EXP cơ sở B | C10: 0.093 | E10: EXP_cần(n) = B × n^k
A11: Độ dốc k | C11: 1.5 | E11: 1.0=tuyến tính, 1.5=chuẩn RPG, 2.0=rất dốc
A12: Cấp tối đa (đỉnh chiến dịch) | C12: 100 | D12: cấp
A14: NHÓM 3 — KINH TẾ COIN (đào mỏ)
A15: Năng lượng tối đa / ngày (Daily Cap) | C15: 100 | D15: ⚡ | E15: 1 năng lượng = 1 cú đập
A16: Coin/ngày MỤC TIÊU (chưa buff) | C16: 250 | D16: 🪙 | E16: Mục tiêu thiết kế — Loot Table sẽ chỉnh theo
A18: NHÓM 4 — TRẦN HỆ SỐ BUFF
A19: Trần cộng dồn buff C_cap | C19: 1 | E19: Hệ số tối đa = 1 + C_cap. Vd 1.0 → tối đa x2.0
A21: NHÓM 5 — ĐỊNH GIÁ QUÀ
A22: Giá trị quà ĐỈNH (lớn nhất) | C22: 3500 | D22: 🪙 | E22: Quy thành coin
A23: Triết lý thưởng (tham khảo) | C23: Cân bằng may rủi | E23: Đã chọn: cân bằng chắc chắn & hồi hộp

Sheet Level_Curve
A1: ĐƯỜNG CONG CẤP ĐỘ — EXP_cần(n) = B × n^k
A3: Cấp (n) | B3: EXP cần lên cấp | C3: EXP tích lũy | D3: Ngày đạt được | E3: Tuần
A4: 1 | B4: =Assumptions!$C$10*A4^Assumptions!$C$11 -> 0.093 | C4: =B4 -> 0.093 | D4: =C4/(Assumptions!$C$5*Assumptions!$C$6) -> 0.00186 | E4: =D4/7 -> 0.00026571429
A5: 2 | B5: =Assumptions!$C$10*A5^Assumptions!$C$11 -> 0.26304372 | C5: =C4+B5 -> 0.35604372 | D5: =C5/(Assumptions!$C$5*Assumptions!$C$6) -> 0.0071208745 | E5: =D5/7 -> 0.0010172678
A6: 3 | B6: =Assumptions!$C$10*A6^Assumptions!$C$11 -> 0.48324218 | C6: =C5+B6 -> 0.8392859 | D6: =C6/(Assumptions!$C$5*Assumptions!$C$6) -> 0.016785718 | E6: =D6/7 -> 0.0023979597
A7: 4 | B7: =Assumptions!$C$10*A7^Assumptions!$C$11 -> 0.744 | C7: =C6+B7 -> 1.5832859 | D7: =C7/(Assumptions!$C$5*Assumptions!$C$6) -> 0.031665718 | E7: =D7/7 -> 0.004523674
A8: 5 | B8: =Assumptions!$C$10*A8^Assumptions!$C$11 -> 1.0397716 | C8: =C7+B8 -> 2.6230575 | D8: =C8/(Assumptions!$C$5*Assumptions!$C$6) -> 0.05246115 | E8: =D8/7 -> 0.00749445
A9: 6 | B9: =Assumptions!$C$10*A9^Assumptions!$C$11 -> 1.3668153 | C9: =C8+B9 -> 3.9898728 | D9: =C9/(Assumptions!$C$5*Assumptions!$C$6) -> 0.079797456 | E9: =D9/7 -> 0.011399637
A10: 7 | B10: =Assumptions!$C$10*A10^Assumptions!$C$11 -> 1.7223841 | C10: =C9+B10 -> 5.7122569 | D10: =C10/(Assumptions!$C$5*Assumptions!$C$6) -> 0.11424514 | E10: =D10/7 -> 0.016320734
A11: 8 | B11: =Assumptions!$C$10*A11^Assumptions!$C$11 -> 2.1043498 | C11: =C10+B11 -> 7.8166067 | D11: =C11/(Assumptions!$C$5*Assumptions!$C$6) -> 0.15633213 | E11: =D11/7 -> 0.022333162
A12: 9 | B12: =Assumptions!$C$10*A12^Assumptions!$C$11 -> 2.511 | C12: =C11+B12 -> 10.327607 | D12: =C12/(Assumptions!$C$5*Assumptions!$C$6) -> 0.20655213 | E12: =D12/7 -> 0.029507448
A13: 10 | B13: =Assumptions!$C$10*A13^Assumptions!$C$11 -> 2.9409182 | C13: =C12+B13 -> 13.268525 | D13: =C13/(Assumptions!$C$5*Assumptions!$C$6) -> 0.2653705 | E13: =D13/7 -> 0.037910071
A14: 11 | B14: =Assumptions!$C$10*A14^Assumptions!$C$11 -> 3.3929072 | C14: =C13+B14 -> 16.661432 | D14: =C14/(Assumptions!$C$5*Assumptions!$C$6) -> 0.33322864 | E14: =D14/7 -> 0.047604092
A15: 12 | B15: =Assumptions!$C$10*A15^Assumptions!$C$11 -> 3.8659374 | C15: =C14+B15 -> 20.527369 | D15: =C15/(Assumptions!$C$5*Assumptions!$C$6) -> 0.41054739 | E15: =D15/7 -> 0.058649627
A16: 13 | B16: =Assumptions!$C$10*A16^Assumptions!$C$11 -> 4.3591115 | C16: =C15+B16 -> 24.886481 | D16: =C16/(Assumptions!$C$5*Assumptions!$C$6) -> 0.49772962 | E16: =D16/7 -> 0.071104231
... A103: 100 | B103: =Assumptions!$C$10*A103^Assumptions!$C$11 -> 93 | C103: =C102+B103 -> 3766.6139 | D103: =C103/(Assumptions!$C$5*Assumptions!$C$6) -> 75.332278 | E103: =D103/7 -> 10.761754

Sheet Loot_Economy
A1: KINH TẾ ĐÀO MỎ — GIÁ TRỊ KỲ VỌNG & HIỆU CHỈNH LẠM PHÁT
A3: BẢNG LOOT TABLE (chỉnh cột xanh)
A4: Loại quặng | B4: Xác suất p | C4: Coin min | D4: Coin max | E4: Coin TB | F4: Đóng góp E[coin]
A5: Đá thường | B5: 0.7 | C5: 1 | D5: 2 | E5: =(C5+D5)/2 -> 1.5 | F5: =B5*E5 -> 1.05
A6: Quặng Bạc | B6: 0.2 | C6: 3 | D6: 5 | E6: =(C6+D6)/2 -> 4 | F6: =B6*E6 -> 0.8
A7: Hũ Vàng | B7: 0.08 | C7: 6 | D7: 10 | E7: =(C7+D7)/2 -> 8 | F7: =B7*E7 -> 0.64
A8: Rương Thần Thoại | B8: 0.02 | C8: 20 | D8: 40 | E8: =(C8+D8)/2 -> 30 | F8: =B8*E8 -> 0.6
A9: TỔNG | B9: =SUM(B5:B8) -> 1 | F9: =SUM(F5:F8) -> 3.09
A11: KIỂM TRA CÂN BẰNG
A12: E[coin] mỗi cú đập | B12: =F9 -> 3.09
A13: Coin tối đa/ngày (full energy, chưa buff) | B13: =F9*Assumptions!C15 -> 309 | D13: ⚠️ So sánh dòng này với mục tiêu bên dưới
A14: Coin/ngày MỤC TIÊU | B14: =Assumptions!C16 -> 250
A15: Chênh lệch so mục tiêu (>0 = đang lạm phát) | B15: =B13-B14 -> 59 | D15: Nếu >0: giảm xác suất/coin của Vàng & Thần Thoại
A16: Số ngày nỗ lực để đổi quà ĐỈNH (theo thực tế) | B16: =Assumptions!C22/B13 -> 11.326861
A17: → tức khoảng số tuần | B17: =B16/7 -> 1.618123

Sheet Buff_Cap
A1: TRẦN HỆ SỐ BUFF — Chuyển từ NHÂN sang CỘNG CÓ TRẦN
A3: Vấn đề: buff nhân chồng (x2 × x1.5 × ...) khiến coin vọt x3-x4 → mất cân bằng.
A4: Giải pháp: M_tổng = 1 + MIN( Σ(mᵢ-1) , C_cap )
A6: Buff | B6: Hệ số đơn (mᵢ) | C6: Bật? (1/0) | D6: Phần vượt (mᵢ-1)
A7: Critical Chí Mạng | B7: 2 | C7: 1 | D7: =IF(C7=1,B7-1,0) -> 1
A8: Streak x2 (7 ngày) | B8: 2 | C8: 1 | D8: =IF(C8=1,B8-1,0) -> 1
A9: Buff May Mắn | B9: 1.3 | C9: 1 | D9: =IF(C9=1,B9-1,0) -> 0.3
A10: Mount +Crit | B10: 1.05 | C10: 1 | D10: =IF(C10=1,B10-1,0) -> 0.05
A12: Σ phần vượt | D12: =SUM(D7:D10) -> 2.35
A14: SO SÁNH 2 CÁCH TÍNH
A15: Cách CŨ (nhân chồng) — KHÔNG kiểm soát | B15: =PRODUCT(IF(C7=1,B7,1),IF(C8=1,B8,1),IF(C9=1,B9,1),IF(C10=1,B10,1)) -> 5.46
A16: Trần C_cap (từ Assumptions) | B16: =Assumptions!C19 -> 1
A17: Cách MỚI (cộng có trần) — ĐỀ XUẤT | B17: =1+MIN(D12,Assumptions!C19) -> 2

Sheet Task_Pricing
A1: ĐỊNH GIÁ NHIỆM VỤ THEO TRỌNG SỐ — vì nhiệm vụ "linh hoạt"
A2: Phần thưởng = EU_base × w_độ_khó × w_thời_lượng. Khớp với phân khu Habits/Dailies/To-Dos.
A4: Nhiệm vụ | B4: Phân loại | C4: w độ khó | D4: w thời lượng | E4: EXP | F4: Coin | G4: Năng lượng ⚡
A5: Uống nước | B5: Habit (+) | C5: 0.2 | D5: 1 | E5: =Assumptions!$C$5*C5*D5 -> 2 | F5: =G5*Loot_Economy!$F$9 -> 3.4719101 | G5: =Assumptions!$C$15*(C5*D5)/SUMPRODUCT($C$5:$C$13,$D$5:$D$13) -> 1.1235955
A6: Chào hỏi lễ phép | B6: Habit (+) | C6: 0.2 | D6: 1 | E6: =Assumptions!$C$5*C6*D6 -> 2 | F6: =G6*Loot_Economy!$F$9 -> 3.4719101 | G6: =Assumptions!$C$15*(C6*D6)/SUMPRODUCT($C$5:$C$13,$D$5:$D$13) -> 1.1235955
A7: Đánh răng | B7: Daily | C7: 0.5 | D7: 1 | E7: =Assumptions!$C$5*C7*D7 -> 5 | F7: =G7*Loot_Economy!$F$9 -> 8.6797753 | G7: =Assumptions!$C$15*(C7*D7)/SUMPRODUCT($C$5:$C$13,$D$5:$D$13) -> 2.8089888
A8: Dọn bàn sau ăn | B8: Daily | C8: 0.6 | D8: 1 | E8: =Assumptions!$C$5*C8*D8 -> 6 | F8: =G8*Loot_Economy!$F$9 -> 10.41573 | G8: =Assumptions!$C$15*(C8*D8)/SUMPRODUCT($C$5:$C$13,$D$5:$D$13) -> 3.3707865
A9: Tập thể dục sáng | B9: Daily | C9: 1 | D9: 1.5 | E9: =Assumptions!$C$5*C9*D9 -> 15 | F9: =G9*Loot_Economy!$F$9 -> 26.039326 | G9: =Assumptions!$C$15*(C9*D9)/SUMPRODUCT($C$5:$C$13,$D$5:$D$13) -> 8.4269663
A10: Đọc sách 20 phút | B10: To-Do | C10: 1.2 | D10: 1.5 | E10: =Assumptions!$C$5*C10*D10 -> 18 | F10: =G10*Loot_Economy!$F$9 -> 31.247191 | G10: =Assumptions!$C$15*(C10*D10)/SUMPRODUCT($C$5:$C$13,$D$5:$D$13) -> 10.11236
A11: Học Tiếng Anh 20 phút | B11: To-Do | C11: 2 | D11: 1.5 | E11: =Assumptions!$C$5*C11*D11 -> 30 | F11: =G11*Loot_Economy!$F$9 -> 52.078652 | G11: =Assumptions!$C$15*(C11*D11)/SUMPRODUCT($C$5:$C$13,$D$5:$D$13) -> 16.853933
A12: Làm bài tập cô giao | B12: To-Do | C12: 2 | D12: 2 | E12: =Assumptions!$C$5*C12*D12 -> 40 | F12: =G12*Loot_Economy!$F$9 -> 69.438202 | G12: =Assumptions!$C$15*(C12*D12)/SUMPRODUCT($C$5:$C$13,$D$5:$D$13) -> 22.47191
A13: Dọn nhà vệ sinh | B13: To-Do | C13: 3 | D13: 2 | E13: =Assumptions!$C$5*C13*D13 -> 60 | F13: =G13*Loot_Economy!$F$9 -> 104.1573 | G13: =Assumptions!$C$15*(C13*D13)/SUMPRODUCT($C$5:$C$13,$D$5:$D$13) -> 33.707865
A15: Tổng kiểm tra (nếu làm hết list này 1 ngày): | E15: =SUM(E5:E13) -> 178 | F15: =SUM(F5:F13) -> 309 | G15: =SUM(G5:G13) -> 100
A16: Lưu ý: tổng năng lượng ≈ Daily Cap; coin ≈ mục tiêu/ngày. Đó là dấu hiệu cân bằng.
